epoch,time,train/box_loss,train/pose_loss,train/kobj_loss,train/cls_loss,train/dfl_loss,metrics/precision(B),metrics/recall(B),metrics/mAP50(B),metrics/mAP50-95(B),metrics/precision(P),metrics/recall(P),metrics/mAP50(P),metrics/mAP50-95(P),val/box_loss,val/pose_loss,val/kobj_loss,val/cls_loss,val/dfl_loss,lr/pg0,lr/pg1,lr/pg2
1,1158.89,3.1089,9.62531,0.68969,3.16352,3.657,0.27384,0.27298,0.2015,0.07707,0.043,0.02188,0.00307,0.00044,2.2887,8.8381,0.63507,2.48698,2.87699,0.00332957,0.00332957,0.00332957
2,2637.54,2.02505,8.24012,0.60349,2.1793,2.43047,0.57537,0.47308,0.51118,0.24241,0.23098,0.14389,0.07539,0.01466,1.77741,7.22213,0.53256,1.88393,2.21564,0.00659694,0.00659694,0.00659694
3,3786.07,1.73964,7.33371,0.51317,1.86158,2.05375,0.6241,0.55479,0.59452,0.30055,0.33118,0.24622,0.15397,0.034,1.62495,6.53749,0.50495,1.81916,1.98576,0.00979831,0.00979831,0.00979831
4,5162.51,1.60128,6.66909,0.47551,1.68902,1.86796,0.71166,0.60615,0.68984,0.40113,0.52993,0.37059,0.32402,0.09385,1.43286,5.57327,0.44868,1.42306,1.74492,0.009703,0.009703,0.009703
5,6199.34,1.50438,6.23145,0.45495,1.55397,1.75824,0.74282,0.64251,0.73086,0.44065,0.59108,0.42113,0.39243,0.123,1.35127,5.19684,0.43266,1.31292,1.66407,0.009604,0.009604,0.009604
6,7503.17,1.44929,5.97423,0.44243,1.47811,1.69517,0.77577,0.64987,0.753,0.47469,0.62508,0.46741,0.44407,0.14686,1.28608,4.86243,0.41581,1.22748,1.5804,0.009505,0.009505,0.009505
7,8812.75,1.40744,5.79643,0.43394,1.41606,1.64527,0.78972,0.68053,0.77785,0.49824,0.65061,0.50246,0.48623,0.16983,1.24017,4.67663,0.40495,1.15718,1.52533,0.009406,0.009406,0.009406
8,10243.4,1.37793,5.64806,0.42706,1.36744,1.60841,0.79191,0.68661,0.78728,0.51384,0.69044,0.51873,0.51527,0.19158,1.20628,4.50473,0.39678,1.10867,1.4859,0.009307,0.009307,0.009307
9,11222.6,1.35481,5.54426,0.42192,1.33651,1.583,0.80553,0.69332,0.79987,0.52821,0.69957,0.53857,0.53856,0.20392,1.18167,4.3692,0.3931,1.07092,1.44946,0.009208,0.009208,0.009208
10,12321.1,1.33772,5.46767,0.41757,1.3146,1.55994,0.80559,0.70057,0.80724,0.5386,0.69549,0.54817,0.54846,0.21553,1.15809,4.26326,0.3869,1.04548,1.42014,0.009109,0.009109,0.009109
11,13338.7,1.32169,5.38589,0.41435,1.29208,1.54064,0.80898,0.71599,0.81752,0.55184,0.7165,0.56341,0.56981,0.23286,1.13836,4.16636,0.38393,1.0195,1.40158,0.00901,0.00901,0.00901
12,14370.1,1.30606,5.31947,0.41175,1.27056,1.52133,0.81837,0.72009,0.82308,0.55794,0.7224,0.57446,0.5852,0.24002,1.12332,4.09307,0.37968,0.99087,1.38235,0.008911,0.008911,0.008911
13,15504.4,1.29596,5.26082,0.40877,1.25481,1.50918,0.82075,0.71867,0.82646,0.56521,0.72756,0.5844,0.59426,0.25172,1.10205,4.01821,0.37593,0.97553,1.36213,0.008812,0.008812,0.008812
14,16693.2,1.28444,5.19023,0.40677,1.23688,1.4968,0.81914,0.72659,0.83094,0.57065,0.72648,0.59375,0.60801,0.26243,1.09192,3.96273,0.37363,0.95744,1.35277,0.008713,0.008713,0.008713
15,17940.7,1.27572,5.1555,0.40385,1.22782,1.48462,0.82262,0.73084,0.83422,0.57553,0.73251,0.59588,0.6093,0.26486,1.08201,3.90522,0.37049,0.94717,1.3397,0.008614,0.008614,0.008614
16,18956.1,1.26908,5.10941,0.40225,1.21859,1.4757,0.82113,0.74078,0.83831,0.581,0.72832,0.60393,0.61711,0.27143,1.07364,3.87056,0.36886,0.93734,1.32836,0.008515,0.008515,0.008515
17,20325.6,1.26126,5.07467,0.40037,1.20781,1.46665,0.81608,0.74528,0.84119,0.58478,0.74086,0.60327,0.62204,0.27599,1.06713,3.8369,0.36717,0.92773,1.32074,0.008416,0.008416,0.008416
18,21460.7,1.2541,5.03328,0.39881,1.19686,1.4572,0.81449,0.75031,0.84339,0.58767,0.73912,0.60784,0.62637,0.28097,1.06205,3.8024,0.36584,0.9195,1.31496,0.008317,0.008317,0.008317
19,22705.6,1.24617,5.00337,0.39641,1.18839,1.44979,0.81648,0.75189,0.84423,0.58965,0.74239,0.61099,0.63068,0.28503,1.05728,3.77643,0.36522,0.91467,1.30997,0.008218,0.008218,0.008218
20,23688.7,1.24088,4.95598,0.3951,1.1791,1.43956,0.81375,0.75299,0.84529,0.59109,0.74159,0.61524,0.6315,0.28734,1.05304,3.75681,0.36453,0.9105,1.30457,0.008119,0.008119,0.008119
21,24891.5,1.23667,4.94132,0.39386,1.16985,1.43287,0.81891,0.75107,0.8461,0.59285,0.74292,0.61283,0.63087,0.29011,1.04971,3.73899,0.36388,0.90695,1.30049,0.00802,0.00802,0.00802
22,25996.7,1.23153,4.90199,0.39283,1.16561,1.42756,0.81719,0.75252,0.84654,0.59417,0.74635,0.61067,0.63525,0.29193,1.04634,3.7231,0.36331,0.90209,1.2967,0.007921,0.007921,0.007921
23,27365.8,1.22242,4.87025,0.39146,1.16081,1.41905,0.82062,0.75031,0.84686,0.5957,0.74233,0.61855,0.64039,0.29458,1.04338,3.70784,0.36266,0.89774,1.29311,0.007822,0.007822,0.007822
24,28725,1.21946,4.85385,0.3901,1.15207,1.41469,0.8192,0.75398,0.8475,0.59716,0.74432,0.62059,0.64271,0.29757,1.04055,3.69125,0.36191,0.89347,1.28993,0.007723,0.007723,0.007723
25,30032.9,1.21377,4.82497,0.38765,1.14698,1.40582,0.82082,0.75378,0.84862,0.59806,0.74984,0.6196,0.64514,0.29898,1.03699,3.67643,0.36122,0.89025,1.28609,0.007624,0.007624,0.007624
26,31351.4,1.21119,4.79357,0.38763,1.14134,1.40278,0.82449,0.75126,0.84905,0.59962,0.75037,0.62217,0.64637,0.30072,1.0339,3.66267,0.36053,0.88774,1.28285,0.007525,0.007525,0.007525
27,32384.2,1.20687,4.78725,0.38686,1.13765,1.39653,0.82771,0.74984,0.84917,0.60058,0.74652,0.62516,0.64848,0.30257,1.03083,3.64917,0.35995,0.88487,1.279,0.007426,0.007426,0.007426
28,33366.1,1.20557,4.76852,0.38647,1.13309,1.39329,0.82791,0.75047,0.84994,0.60162,0.75126,0.62437,0.65047,0.30508,1.0284,3.63716,0.35939,0.88231,1.2763,0.007327,0.007327,0.007327
29,34496.9,1.20023,4.74397,0.38474,1.12808,1.38932,0.82824,0.75016,0.85104,0.60241,0.75058,0.62752,0.65148,0.30723,1.02667,3.622,0.35888,0.87946,1.27362,0.007228,0.007228,0.007228
30,35692.7,1.19681,4.71567,0.38427,1.11989,1.38496,0.83338,0.74874,0.85122,0.60326,0.7522,0.62986,0.65389,0.30951,1.02396,3.61152,0.35849,0.87684,1.27008,0.007129,0.007129,0.007129
31,36666,1.1924,4.6956,0.38258,1.11661,1.37995,0.82729,0.75378,0.85185,0.60392,0.75388,0.62972,0.65625,0.31181,1.02233,3.59902,0.35809,0.87439,1.26733,0.00703,0.00703,0.00703
32,37843.3,1.1854,4.66937,0.38136,1.10677,1.37324,0.82669,0.75394,0.85188,0.60472,0.75743,0.63067,0.65838,0.31393,1.02062,3.58728,0.35768,0.87206,1.26496,0.006931,0.006931,0.006931
33,39069.7,1.18759,4.67218,0.38166,1.10973,1.37287,0.82886,0.75362,0.85197,0.60609,0.75775,0.63229,0.66053,0.3155,1.01835,3.57564,0.35722,0.86935,1.26223,0.006832,0.006832,0.006832
34,40036.3,1.1868,4.64751,0.38043,1.10572,1.37081,0.82929,0.75407,0.85281,0.60732,0.76409,0.63176,0.66448,0.31893,1.01622,3.56267,0.35667,0.86608,1.25914,0.006733,0.006733,0.006733
35,41202.5,1.18245,4.63061,0.38035,1.101,1.36636,0.82826,0.75547,0.85333,0.60847,0.76041,0.63492,0.66607,0.32075,1.01417,3.54759,0.35621,0.86327,1.25653,0.006634,0.006634,0.006634
36,42159.2,1.1808,4.61685,0.37927,1.10031,1.36444,0.83209,0.75346,0.85413,0.61015,0.7638,0.63839,0.66859,0.32352,1.01227,3.53536,0.35568,0.8605,1.25403,0.006535,0.006535,0.006535
37,43138,1.17545,4.59199,0.37831,1.08953,1.36001,0.8332,0.75496,0.85514,0.61143,0.76604,0.63885,0.67156,0.32564,1.01057,3.52238,0.35506,0.85776,1.2515,0.006436,0.006436,0.006436
38,44123.1,1.17446,4.58834,0.37847,1.08886,1.35777,0.83738,0.75315,0.85639,0.61224,0.76743,0.6409,0.67428,0.32798,1.00849,3.50904,0.35449,0.85454,1.24849,0.006337,0.006337,0.006337
39,45102.8,1.16999,4.57139,0.37696,1.08775,1.35459,0.8407,0.75107,0.85685,0.61362,0.76761,0.64587,0.67602,0.33,1.00632,3.49729,0.35403,0.85213,1.24593,0.006238,0.006238,0.006238
40,46406.8,1.16847,4.5436,0.37677,1.0802,1.35061,0.83984,0.75283,0.85691,0.61498,0.76488,0.64751,0.67688,0.33209,1.00438,3.48517,0.35346,0.84936,1.24302,0.006139,0.006139,0.006139
41,47567.8,1.16367,4.53675,0.37534,1.07705,1.34718,0.84224,0.75331,0.85819,0.61612,0.76948,0.64814,0.67841,0.33525,1.00152,3.47354,0.35292,0.84652,1.23953,0.00604,0.00604,0.00604
42,48715.6,1.1652,4.5235,0.37506,1.07359,1.34785,0.84291,0.75409,0.85872,0.6171,0.76854,0.64814,0.68018,0.33699,0.99978,3.46279,0.35241,0.84396,1.23711,0.005941,0.005941,0.005941
43,50428.7,1.16548,4.51453,0.37472,1.07548,1.34599,0.84393,0.75338,0.85948,0.61827,0.76892,0.65129,0.68125,0.3385,0.99758,3.45152,0.35184,0.84156,1.2345,0.005842,0.005842,0.005842
44,51943.6,1.16108,4.50345,0.37373,1.0676,1.3406,0.84452,0.75505,0.85949,0.61905,0.76751,0.65003,0.68069,0.34048,0.99494,3.44082,0.3512,0.84004,1.23166,0.005743,0.005743,0.005743
45,53301.6,1.15928,4.48603,0.37274,1.06883,1.34075,0.84796,0.7542,0.86044,0.61985,0.76962,0.65111,0.68316,0.3423,0.99239,3.42809,0.35055,0.83792,1.22876,0.005644,0.005644,0.005644
46,54219.7,1.1567,4.47197,0.37271,1.06342,1.33725,0.8481,0.75598,0.86078,0.62105,0.77197,0.65224,0.68578,0.3438,0.98964,3.41663,0.34999,0.83547,1.22582,0.005545,0.005545,0.005545
47,55286.4,1.15283,4.45893,0.3723,1.06262,1.33442,0.84615,0.75803,0.8617,0.62195,0.77093,0.65594,0.68863,0.34581,0.9867,3.40406,0.34943,0.83265,1.22257,0.005446,0.005446,0.005446
48,56275.9,1.15099,4.45364,0.37155,1.05814,1.33164,0.84876,0.7574,0.86253,0.6231,0.77146,0.65727,0.69097,0.34779,0.98443,3.39242,0.3488,0.83094,1.22002,0.005347,0.005347,0.005347
49,57562.7,1.15068,4.44235,0.37159,1.05541,1.33046,0.8468,0.75882,0.86267,0.62391,0.77529,0.65806,0.6919,0.34928,0.98236,3.37872,0.34825,0.82815,1.21744,0.005248,0.005248,0.005248
50,58654.3,1.14817,4.41362,0.37039,1.05275,1.32764,0.84629,0.76015,0.86333,0.62463,0.77502,0.65759,0.6928,0.35114,0.98055,3.36663,0.34754,0.82621,1.21536,0.005149,0.005149,0.005149
51,60011,1.14172,4.38554,0.36902,1.04439,1.3235,0.84512,0.7637,0.86378,0.62518,0.78359,0.6527,0.69364,0.35251,0.9789,3.35649,0.34685,0.82437,1.21311,0.00505,0.00505,0.00505
52,61402.9,1.14583,4.3968,0.36927,1.04755,1.32501,0.84405,0.76464,0.86457,0.62659,0.78149,0.65762,0.69618,0.35497,0.97719,3.34582,0.34613,0.82222,1.21106,0.004951,0.004951,0.004951
53,62650.4,1.14322,4.37636,0.36858,1.0427,1.32149,0.84142,0.76766,0.86519,0.62699,0.78609,0.65428,0.69786,0.35723,0.97484,3.33458,0.34552,0.81963,1.20861,0.004852,0.004852,0.004852
54,64033.9,1.14188,4.37363,0.36792,1.04269,1.31997,0.83953,0.76952,0.86513,0.62824,0.78608,0.65716,0.70057,0.35979,0.97289,3.32431,0.34497,0.8175,1.2063,0.004753,0.004753,0.004753
55,65376.2,1.1339,4.35553,0.36701,1.03678,1.31666,0.84229,0.76842,0.86584,0.62889,0.78201,0.66019,0.70112,0.36205,0.97075,3.31353,0.34429,0.81553,1.20432,0.004654,0.004654,0.004654
56,67165.3,1.13723,4.3524,0.36698,1.03245,1.31653,0.84514,0.76622,0.86661,0.62969,0.78207,0.66212,0.70192,0.36416,0.96927,3.30299,0.34372,0.81315,1.20206,0.004555,0.004555,0.004555
57,68166,1.13277,4.32338,0.36581,1.02862,1.31075,0.84757,0.76559,0.86698,0.63069,0.78502,0.66227,0.70456,0.3663,0.96779,3.29007,0.34306,0.81067,1.20031,0.004456,0.004456,0.004456
58,69309.8,1.12892,4.32185,0.36539,1.03015,1.3107,0.8449,0.76921,0.86748,0.63157,0.78386,0.66404,0.70535,0.36845,0.96656,3.27786,0.3424,0.80849,1.19879,0.004357,0.004357,0.004357
59,70956.6,1.13059,4.30747,0.36504,1.02568,1.31127,0.84255,0.77424,0.86781,0.63216,0.78465,0.66546,0.70747,0.37014,0.96528,3.2676,0.34185,0.80666,1.19726,0.004258,0.004258,0.004258
60,72391.7,1.12975,4.30435,0.36415,1.02868,1.31263,0.84166,0.77519,0.8684,0.63315,0.78325,0.66766,0.70813,0.37204,0.96358,3.25768,0.34118,0.80452,1.19541,0.004159,0.004159,0.004159
61,73499.8,1.12588,4.28421,0.36355,1.01996,1.30594,0.84023,0.77582,0.86878,0.63397,0.7824,0.66852,0.70783,0.37358,0.96198,3.24608,0.34054,0.80214,1.19356,0.00406,0.00406,0.00406
62,74453.6,1.12463,4.27737,0.36337,1.01857,1.30379,0.84023,0.77661,0.86927,0.63461,0.7876,0.66841,0.71063,0.37622,0.96026,3.23706,0.34001,0.80058,1.1918,0.003961,0.003961,0.003961
63,75701.3,1.12379,4.27259,0.36262,1.01676,1.30244,0.8415,0.77393,0.87017,0.63529,0.79335,0.66782,0.71307,0.37828,0.95926,3.22557,0.3394,0.79869,1.1905,0.003862,0.003862,0.003862
64,76854.7,1.12205,4.24992,0.36207,1.0143,1.30197,0.84249,0.7747,0.8709,0.63624,0.79123,0.66955,0.71432,0.37987,0.9575,3.21545,0.33874,0.79652,1.18857,0.003763,0.003763,0.003763
65,78284.9,1.11682,4.21552,0.36066,1.0082,1.29832,0.84367,0.7733,0.87095,0.63705,0.7941,0.6697,0.71633,0.38191,0.95622,3.20626,0.33814,0.79495,1.18698,0.003664,0.003664,0.003664
66,79615,1.11771,4.23883,0.36157,1.00929,1.29927,0.84511,0.77409,0.87122,0.63768,0.79308,0.67037,0.71711,0.38366,0.95508,3.19839,0.33762,0.79289,1.18552,0.003565,0.003565,0.003565
67,80742.1,1.11611,4.21509,0.36053,1.00775,1.29918,0.84642,0.77267,0.87167,0.63907,0.79762,0.66823,0.71714,0.38496,0.95359,3.19098,0.33699,0.79097,1.18362,0.003466,0.003466,0.003466
68,82278.3,1.11085,4.2102,0.35997,1.00216,1.29336,0.84326,0.77724,0.87229,0.63961,0.80193,0.66798,0.71938,0.38654,0.95197,3.18195,0.33647,0.78873,1.18141,0.003367,0.003367,0.003367
69,84049.5,1.11134,4.19391,0.35962,1.00051,1.29366,0.84616,0.77393,0.87259,0.64083,0.80442,0.67018,0.72083,0.38769,0.95058,3.17418,0.33593,0.78662,1.17963,0.003268,0.003268,0.003268
70,85738.8,1.1112,4.17612,0.3581,0.99721,1.29246,0.8462,0.77433,0.87337,0.64148,0.80408,0.67065,0.72154,0.38939,0.94948,3.16437,0.33542,0.78419,1.17805,0.003169,0.003169,0.003169
71,87035.6,1.10352,4.15716,0.35668,0.9917,1.28702,0.84668,0.77377,0.8737,0.64211,0.80264,0.67317,0.72283,0.39098,0.94883,3.15463,0.3348,0.78178,1.17675,0.00307,0.00307,0.00307
72,88150.1,1.10138,4.15399,0.35748,0.99256,1.28422,0.84807,0.77298,0.87421,0.6427,0.8063,0.67302,0.72293,0.39199,0.94816,3.14613,0.33424,0.7794,1.17572,0.002971,0.002971,0.002971
73,89317.3,1.10038,4.14749,0.35695,0.98848,1.28545,0.8484,0.77582,0.87473,0.64347,0.80441,0.67569,0.72466,0.39358,0.94724,3.13725,0.33372,0.77779,1.17453,0.002872,0.002872,0.002872
74,90453.2,1.0992,4.1344,0.35693,0.98409,1.28303,0.84897,0.77519,0.87514,0.64392,0.8006,0.67952,0.72582,0.39501,0.94618,3.12929,0.33315,0.77571,1.17318,0.002773,0.002773,0.002773
75,91771.5,1.09881,4.12195,0.35587,0.98333,1.2811,0.84738,0.77619,0.87572,0.64509,0.80318,0.679,0.72686,0.39634,0.945,3.1208,0.33258,0.77366,1.17164,0.002674,0.002674,0.002674
76,92987.2,1.09531,4.08897,0.35487,0.97859,1.28027,0.85259,0.77306,0.87639,0.64603,0.80033,0.68042,0.72662,0.39773,0.94403,3.11377,0.33203,0.77201,1.1705,0.002575,0.002575,0.002575
77,94169.5,1.09404,4.09197,0.35379,0.98005,1.27875,0.85323,0.77337,0.87642,0.64629,0.80038,0.68042,0.7272,0.39897,0.94308,3.10531,0.33139,0.7701,1.16941,0.002476,0.002476,0.002476
78,95319.1,1.09031,4.07065,0.35376,0.97342,1.27466,0.85269,0.77409,0.877,0.64735,0.80109,0.67931,0.72863,0.40012,0.94221,3.09734,0.33082,0.76859,1.16795,0.002377,0.002377,0.002377
79,96508.2,1.08682,4.0571,0.35189,0.9691,1.27271,0.8525,0.77526,0.87729,0.64765,0.80296,0.68105,0.73079,0.40126,0.94135,3.09144,0.33029,0.76686,1.16676,0.002278,0.002278,0.002278
80,97629,1.08602,4.04265,0.35248,0.96314,1.27127,0.85356,0.77361,0.87788,0.64861,0.80291,0.68356,0.7326,0.4023,0.94056,3.08442,0.32979,0.76507,1.16565,0.002179,0.002179,0.002179
81,98848.3,1.08409,4.04179,0.35158,0.96578,1.27189,0.85038,0.77771,0.87861,0.64942,0.80484,0.68235,0.73387,0.40364,0.93925,3.07513,0.32919,0.7635,1.16454,0.00208,0.00208,0.00208
82,100152,1.07882,4.00632,0.3506,0.95938,1.26669,0.8558,0.77519,0.87915,0.64986,0.80596,0.68152,0.73434,0.40442,0.93746,3.06754,0.32866,0.76229,1.16299,0.001981,0.001981,0.001981
83,101180,1.07626,3.9884,0.34944,0.95494,1.2655,0.86251,0.77232,0.87978,0.65086,0.80461,0.68435,0.73544,0.40579,0.93659,3.06136,0.32807,0.76082,1.16195,0.001882,0.001882,0.001882
84,102503,1.07514,3.98087,0.34921,0.95493,1.26437,0.86067,0.77456,0.87976,0.6511,0.80576,0.68467,0.73535,0.40647,0.9354,3.0537,0.32747,0.75918,1.16065,0.001783,0.001783,0.001783
85,103510,1.07618,3.9701,0.34778,0.95365,1.26359,0.86074,0.77503,0.88007,0.65116,0.80523,0.68656,0.7371,0.40776,0.9338,3.04411,0.32691,0.75798,1.15872,0.001684,0.001684,0.001684
86,104623,1.07,3.96536,0.34823,0.9482,1.25989,0.86022,0.77605,0.87996,0.65205,0.80456,0.68734,0.73818,0.4095,0.93287,3.03528,0.3264,0.7562,1.15786,0.001585,0.001585,0.001585
87,105696,1.06872,3.94574,0.34765,0.9421,1.25754,0.85954,0.77747,0.88052,0.65261,0.80582,0.6875,0.73908,0.41007,0.93236,3.02728,0.32591,0.75485,1.157,0.001486,0.001486,0.001486
88,106997,1.06433,3.92836,0.34654,0.9416,1.25608,0.85639,0.78018,0.88062,0.65273,0.80468,0.68907,0.74027,0.41103,0.9315,3.02211,0.32548,0.75348,1.1561,0.001387,0.001387,0.001387
89,108000,1.06662,3.91767,0.34574,0.93933,1.25648,0.85735,0.77963,0.88121,0.65325,0.80322,0.69015,0.74067,0.41166,0.93048,3.01766,0.32499,0.75221,1.15512,0.001288,0.001288,0.001288
90,109275,1.06027,3.90022,0.34555,0.9341,1.25286,0.85724,0.78007,0.88158,0.6533,0.80839,0.68875,0.74114,0.41255,0.92944,3.01226,0.32454,0.75119,1.15401,0.001189,0.001189,0.001189
91,110403,1.00861,3.37966,0.33739,0.82848,1.21835,0.85875,0.77897,0.88228,0.65417,0.80921,0.68955,0.74209,0.41396,0.92851,3.00516,0.32389,0.74994,1.15288,0.00109,0.00109,0.00109
92,111426,1.00215,3.35665,0.33598,0.81806,1.21314,0.85766,0.78322,0.88297,0.65528,0.80922,0.68892,0.74244,0.41482,0.92705,2.99783,0.32316,0.74784,1.15151,0.000991,0.000991,0.000991
93,112394,0.99574,3.31469,0.33405,0.80893,1.21002,0.85491,0.78477,0.88374,0.65645,0.81101,0.68955,0.74409,0.41591,0.92566,2.98882,0.32243,0.74517,1.15038,0.000892,0.000892,0.000892
94,113478,0.98972,3.28743,0.33249,0.80394,1.20483,0.85566,0.78605,0.88502,0.65744,0.81066,0.69018,0.7446,0.41663,0.92477,2.9802,0.32176,0.74301,1.1493,0.000793,0.000793,0.000793
95,114446,0.98883,3.27877,0.33169,0.79919,1.20445,0.85616,0.78542,0.88553,0.65816,0.80895,0.69364,0.74488,0.41838,0.92373,2.97345,0.32103,0.74089,1.14828,0.000694,0.000694,0.000694
96,115432,0.98405,3.25459,0.33096,0.79416,1.20248,0.85995,0.78574,0.8867,0.65893,0.80828,0.69553,0.74594,0.41898,0.92281,2.96613,0.32033,0.73862,1.14704,0.000595,0.000595,0.000595
97,116509,0.97935,3.22636,0.32986,0.78758,1.1991,0.86278,0.78463,0.88735,0.65962,0.81241,0.69542,0.74702,0.41954,0.92194,2.96088,0.31962,0.7359,1.14607,0.000496,0.000496,0.000496
98,117549,0.97521,3.21205,0.32889,0.78469,1.19433,0.86275,0.78574,0.88755,0.6602,0.80893,0.69868,0.74658,0.42063,0.92105,2.95607,0.31901,0.73407,1.14521,0.000397,0.000397,0.000397
99,118566,0.96998,3.19274,0.32802,0.77903,1.19088,0.86166,0.787,0.88806,0.66092,0.81145,0.69786,0.74765,0.42092,0.92014,2.95087,0.31835,0.7324,1.14394,0.000298,0.000298,0.000298
100,119590,0.96637,3.17474,0.32769,0.77543,1.18957,0.85983,0.78826,0.88894,0.66207,0.8094,0.69997,0.74845,0.42192,0.91952,2.94445,0.31771,0.73086,1.14306,0.000199,0.000199,0.000199
